{
    "root_group": {
        "name": "",
        "path": "",
        "id": "d41d8cd98f00b204e9800998ecf8427e",
        "groups": {},
        "checks": {}
    },
    "metrics": {
        "put_pet_status_200": {
            "count": 60,
            "rate": 5.666525324636653
        },
        "http_req_tls_handshaking": {
            "avg": 14.114821666666666,
            "min": 0,
            "med": 0,
            "max": 344.7923,
            "p(90)": 0,
            "p(95)": 0
        },
        "http_req_waiting": {
            "avg": 153.5755445833333,
            "min": 144.7374,
            "med": 147.05945,
            "max": 180.9478,
            "p(90)": 168.10426999999999,
            "p(95)": 168.47503
        },
        "post_pet_status_200": {
            "count": 60,
            "rate": 5.666525324636653
        },
        "http_req_duration": {
            "med": 147.19895000000002,
            "max": 193.3577,
            "p(90)": 168.1763,
            "p(95)": 168.64443,
            "avg": 154.0237,
            "min": 144.852
        },
        "http_req_sending": {
            "avg": 0.08301374999999997,
            "min": 0,
            "med": 0,
            "max": 2.1932,
            "p(90)": 0.51309,
            "p(95)": 0.5834400000000001
        },
        "get_pet_id_status_404": {
            "count": 60,
            "rate": 5.666525324636653
        },
        "vus_max": {
            "min": 10,
            "max": 10,
            "value": 10
        },
        "data_sent": {
            "count": 37084,
            "rate": 3502.290418980427
        },
        "vus": {
            "value": 10,
            "min": 10,
            "max": 10
        },
        "http_req_blocked": {
            "avg": 22.04740791666667,
            "min": 0,
            "med": 0,
            "max": 550.2135,
            "p(90)": 0,
            "p(95)": 0
        },
        "delete_pet_id_status_200": {
            "count": 47,
            "rate": 4.438778170965378
        },
        "delete_pet_id_status_404": {
            "count": 13,
            "rate": 1.2277471536712747
        },
        "http_req_failed": {
            "passes": 73,
            "fails": 167,
            "value": 0.30416666666666664
        },
        "http_req_duration{expected_response:true}": {
            "p(90)": 168.2494,
            "p(95)": 168.65521999999999,
            "avg": 154.58257485029932,
            "min": 144.852,
            "med": 147.2325,
            "max": 193.3577
        },
        "iterations": {
            "count": 60,
            "rate": 5.666525324636653
        },
        "data_received": {
            "count": 127374,
            "rate": 12029.46661167115
        },
        "iteration_duration": {
            "max": 2225.3741,
            "p(90)": 2111.6391,
            "p(95)": 2119.9613249999998,
            "avg": 1704.9720749999992,
            "min": 1582.1555,
            "med": 1618.2512000000002
        },
        "http_req_connecting": {
            "avg": 6.358511666666668,
            "min": 0,
            "med": 0,
            "max": 168.2537,
            "p(90)": 0,
            "p(95)": 0
        },
        "http_req_receiving": {
            "avg": 0.36514166666666664,
            "min": 0,
            "med": 0,
            "max": 44.7846,
            "p(90)": 0.5052,
            "p(95)": 0.5859149999999999
        },
        "http_reqs": {
            "count": 240,
            "rate": 22.66610129854661
        }
    }
}